0 (number),4
1 (number),10
2 (number),6
3,1
3 (number),4
4 (number),6
5 (number),6
6 (number),4
7 (number),4
8 (number),1
ATP synthase,5
Aberration of light,2
Abscisic acid,9
Absolute zero,1
Acceleration,6
Accretion disc,2
Acetic acid,2
Acetone,7
Acetylation,1
Acetylcholine,12
Acid,6
Acid-base reaction,2
Actin,8
Action (physics),5
Activation energy,9
Ada (programming language),1
Adenine,1
Adenosine triphosphate,10
Adiabatic process,1
Adrenal gland,3
Adsorption,4
Alan Turing,6
Albedo,4
Albert Einstein,14
Albinism,1
Alcohol,21
Alcohol dehydrogenase,2
Aldehyde,16
Aldol condensation,5
Aldol reaction,3
Aldosterone,5
Algae,1
Alkaloid,1
Alkane,3
Alkene,9
Alkyne,12
Alloy,2
Alpha helix,2
Alpha particle,5
Aluminium,4
Aluminum,2
Alzheimer's disease,14
Amedeo Avogadro,1
Ames test,1
Amide,3
Amine,13
Amino acid,6
Ammonia,14
Amniocentesis,1
Amphibian,1
Amylase,1
Anabolic steroid,1
Anaphase,7
Andromeda Galaxy,7
Anemia,2
Aneurysm,1
Angiogenesis,4
Angular momentum,19
Aniline,2
Ant,1
Anthrax,1
Antibody,13
Antiferromagnetism,5
Antimatter,2
Antimony,1
Antoine Lavoisier,2
Aorta,4
Apatite,2
Apoptosis,13
Aquarius (constellation),1
Aquifer,6
Arabidopsis thaliana,3
Archaea,2
Archimedes,5
Argon,1
Armadillo,1
Aromaticity,6
Array data structure,1
Arrhenius equation,12
Arsenic,7
Arthropod,4
Arthur Eddington,4
Asbestos,1
Ascomycota,2
Aseismic creep,2
Asexual reproduction,1
Aspartic acid,3
Aspirin,1
Asteroid,3
Asthma,4
Atherosclerosis,2
Atomic orbital,1
Aufbau principle,3
Auger effect,5
Augustin-Louis Cauchy,10
Auxin,10
Avogadro constant,3
Axiom of choice,4
Axon,3
Azeotrope,3
Azide,11
B cell,3
BCS theory,2
Bacterial conjugation,1
Bacteriophage,6
Balmer series,3
Bamboo,1
Barbara McClintock,1
Barkhausen effect,3
Barr body,2
Baryon,1
Basalt,3
Base (chemistry),2
Basis (linear algebra),3
Bear,13
Bee,5
Benjamin Franklin,12
Benzene,8
Bernhard Riemann,4
Bernoulli's principle,5
Bessel function,7
Beta decay,1
Beta sheet,2
Big Bang,2
Bile,4
Bilirubin,3
Birch reduction,6
Birefringence,7
Bismuth,1
Black body,1
Black hole,15
Blaise Pascal,8
Blue,10
Boltzmann constant,1
Bone,1
Born-Oppenheimer approximation,5
Boron,9
Bose-Einstein condensate,10
Bremsstrahlung,3
Brown dwarf,7
Brownian motion,9
Bryozoa,2
Bubble chamber,1
Bubble sort,1
Buffer solution,2
Bulk modulus,3
Butane,1
C (programming language),1
CP violation,2
Cache (computing),5
Caenorhabditis elegans,6
Caesium,2
Caffeine,1
Calcite,3
Calcium,14
Calculus,2
Calorimeter,1
Cambrian,3
Camillo Golgi,2
Cancer,3
Cancer (constellation),1
Cannizzaro reaction,4
Capacitance,11
Capacitor,7
Carbene,2
Carbocation,2
Carbon,5
Carbon dioxide,6
Carbon monoxide,2
Carbon nanotube,2
Carbonic anhydrase,4
Carboniferous,5
Carboxylic acid,8
Carl Friedrich Gauss,9
Carl Wilhelm Scheele,1
Carmichael number,4
Carnot cycle,2
Carrying capacity,2
Cartilage,2
Casimir effect,7
Catalysis,6
Catenary,2
Cell membrane,2
Cell nucleus,7
Cellulose,4
Center of mass,3
Central limit theorem,5
Centriole,1
Centromere,2
Cepheid variable,5
Cerebellum,5
Ceres (dwarf planet),4
Chandrasekhar limit,5
Chaos theory,2
Chaperone (protein),2
Charles Babbage,2
Charon (moon),1
Chemical equilibrium,2
Chemical potential,5
Cherenkov radiation,11
Chirality (chemistry),8
Chitin,2
Chlamydia (genus),1
Chlorine,2
Chlorophyll,4
Chlorophyll a,4
Chloroplast,4
Cholera,7
Cholesterol,11
Chordate,1
Christiaan Barnard,1
Chromatography,11
Chromosome,1
Church-Turing thesis,4
Circadian rhythm,1
Circle,4
Cisplatin,2
Citric acid cycle,8
Claisen condensation,7
Claisen rearrangement,5
Clausius-Clapeyron relation,7
Clemmensen reduction,6
Closed set,2
Cloud,6
Cnidaria,5
Coagulation,3
Cobalt,5
Cochlea,3
Collagen,7
Colloid,5
Colon (anatomy),3
Color,2
Column chromatography,3
Comet,1
Compact space,6
Compiler,6
Compton scattering,13
Condensation reaction,2
Conium maculatum,1
Contact process,4
Continental drift,2
Continuous function,4
Continuum hypothesis,4
Convection,8
Convergence (mathematics),4
Cooper pair,5
Cope rearrangement,2
Copper,7
Coriolis effect,10
Cornea,2
Corona,2
Corpus callosum,5
Cortisol,1
Corundum,7
Cosine,5
Cosmic microwave background,7
Cosmic ray,9
Cosmological constant,5
Countable set,1
Crab Nebula,7
Cracking (chemistry),2
Cretaceous,2
Creutzfeldt-Jakob disease,3
Crown ether,5
Crystal field theory,2
Curie temperature,2
Curtius rearrangement,2
Curvature,3
Cyanide,2
Cyanobacteria,1
Cyclic adenosine monophosphate,12
Cycloaddition,2
Cyclohexane,7
Cycloid,6
Cyclopropane,2
Cygnus (constellation),1
Cysteine,5
Cystic fibrosis,9
Cytochrome,2
Cytochrome c,1
Cytokine,4
Cytokinesis,2
D,1
D orbitals,2
DDT,1
DNA,7
DNA methylation,2
DNA polymerase I,2
Damping,1
Dark energy,9
Dark matter,8
David Hilbert,5
Davisson-Germer experiment,7
Debye-Huckel equation,5
Delta (letter),1
Demand,8
Density,5
Density functional theory,3
Derivative,3
Desert,4
Determinant,9
Deuterium,2
Devonian,1
Diamagnetism,7
Diamond,2
Diatom,3
Diels-Alder reaction,12
Diene,5
Diffraction,16
Diffusion,20
Diode,3
Diol,3
Diophantine equation,3
Dipole,2
Dirac delta function,7
Dirac equation,1
Discriminant,1
Dispersion (optics),3
Disproportionation,2
Distillation,16
Dopamine,7
Doppler effect,17
Double bond,2
Drosophila melanogaster,2
Drumlin,3
Dune,3
Duodenum,1
Dynamic programming,6
Dysentery,1
Dyson sphere,1
E (mathematical constant),2
E2 reaction,3
ELISA,4
ENIAC,1
Earth,4
Earthquake,7
Echinoderm,15
Edman degradation,3
Edmond Halley,1
Edward Jenner,1
Edwin Hubble,4
Eigenvalue,7
Elasticity (physics),2
Electric charge,4
Electric current,9
Electric field,14
Electrical impedance,1
Electrical resistance,13
Electrolysis,1
Electron,15
Electron affinity,2
Electron transport chain,3
Electronegativity,16
Elephant,1
Elias James Corey,4
Ellipse,1
Elliptical galaxy,6
Enantioselective reduction of ketones,2
Encephalitis,1
Endoplasmic reticulum,5
Energy,1
Enrico Fermi,12
Enteric nervous system,2
Enthalpy,14
Entropy,27
Entropy (statistical thermodynamics),1
Enzyme,6
Epidermis (skin),2
Epilepsy,1
Epoxide,9
Epstein-Barr virus,6
Equilibrium constant,5
Equivalence principle,1
Ernest Rutherford,3
Ernst Mach,4
Erythrocyte,4
Escape velocity,1
Escherichia coli,3
Esophagus,2
Ester,25
Ethanol,5
Ether,14
Ethernet,3
Ethylene,4
Euclid,7
Euler characteristic,6
Europa (moon),2
Eustachian tube,1
Evangelista Torricelli,1
Evaporation,1
Even number,1
Evolution,2
Exception handling,2
Eye,9
Factorial,6
Fast Fourier transform,4
Fault (geology),4
Feldspar,8
Femur,3
Fermat's Last Theorem,4
Fermat's little theorem,5
Fermion,4
Ferromagnetism,14
Fibonacci number,9
Field (mathematics),5
Fields Medal,1
Fine-structure constant,6
Flagellum,5
Flatworm,5
Flowering plant,5
Fluorescence,1
Fluorine,7
Flux,2
Folic acid,2
Follicle-stimulating hormone,2
Force,3
Formaldehyde,8
Foucault's Pendulum,5
Founder effect,5
Four color theorem,5
Fourier transform,8
Fractal,3
Fractional distillation,1
Fragile X syndrome,2
Franck-Hertz experiment,3
Fraunhofer lines,2
Frequency,5
Friction,17
Friedel-Crafts reaction,5
Fructose,1
Fuel cell,1
Fugacity,9
Fullerene,5
Function (mathematics),3
Fundamental theorem of algebra,6
Fungus,5
Furan,4
G protein,3
G protein-coupled receptor,2
Gabriel synthesis,2
Galapagos Islands,1
Galaxy,3
Galileo (spacecraft),1
Galileo Galilei,3
Gallbladder,5
Game theory,4
Gametophyte,2
Gamma,6
Gamma function,3
Gamma-Aminobutyric acid,9
Gamma-ray burst,7
Ganymede (moon),4
Garbage collection (computer science),4
Gas chromatography,4
Gastrin,1
Gastrulation,2
Gd T cells,2
Gel electrophoresis,4
General relativity,2
Genetic algorithm,3
Genetic drift,2
Genetic linkage,1
Genomic imprinting,2
Georg Cantor,3
Germanium,1
Giant magnetoresistance,2
Gibberellin,9
Gibbs free energy,11
Gibbs-Duhem equation,5
Gilbert N. Lewis,6
Gilman reagent,2
Glacier,11
Glass,5
Glaucoma,1
Glucagon,2
Gluconeogenesis,3
Glucose,4
Gluon,9
Glutamic acid,1
Glycine,5
Glycogen,7
Glycolysis,8
Gold,6
Goldbach's conjecture,3
Golden ratio,2
Golgi apparatus,10
Gram staining,1
Granite,2
Graph (mathematics),1
Graphene,2
Graphite,1
Gravitational constant,3
Gravitational wave,3
Graviton,3
Gravity,5
Great Attractor,7
Green fluorescent protein,6
Gregor Mendel,1
Grignard reaction,7
Gross domestic product,5
Group (mathematics),8
Gustav Kirchhoff,2
Gymnosperm,1
HIV,5
Haber process,5
Hadley cell,4
Hall effect,10
Hall-Heroult process,2
Halogen,6
Hamiltonian (quantum mechanics),13
Hans Bethe,3
Hans Christian Orsted,2
Hardness,4
Harmonic oscillator,5
Hash function,3
Hash table,3
Hawking radiation,1
Heap (data structure),6
Heart,4
Heat capacity,7
Helicase,3
Helium,4
Helmholtz free energy,8
Hemoglobin,13
Henderson-Hasselbalch equation,1
Hendrik Lorentz,2
Henry's law,8
Hermann Emil Fischer,2
Hermann von Helmholtz,5
Hero of Alexandria,1
Herpesviridae,2
Hess's law,1
Higgs boson,7
Hippocampus,5
Histamine,3
Histidine,5
Histone,9
Hofmann elimination,5
Homo erectus,2
Honey bee pheromones,1
Hooke's law,4
Hubble Space Telescope,1
Human Genome Project,2
Human papillomavirus,1
Humphry Davy,2
Hunsdiecker reaction,3
Huntington's disease,4
Hydrazine,6
Hydrochloric acid,2
Hydrogen,4
Hydrogen atom,2
Hydrogen bond,10
Hydrogen peroxide,4
Hydrogenation,5
Hyperbola,3
Hyperbolic,1
Hypha,4
Hypothalamus,2
Hysteresis,5
Ice,2
Iceberg,1
Ideal gas law,7
Imprinting (psychology),1
Impulse (physics),1
Inertia,1
Infinity,2
Inflation (cosmology),2
Influenza,2
Infrared spectroscopy,14
Inner core,9
Insulin,11
Integer,4
Integral,6
Interferometry,3
Interferon,6
Intron,5
Inverse (mathematics),4
Iodine,6
Ionosphere,4
Iridium,2
Iron,9
Isaac Newton,6
Ising model,5
Isomer,4
Isoprene,2
Isotope,3
Jacobus Henricus van 't Hoff,2
Jahn-Teller effect,9
James Clerk Maxwell,4
James Prescott Joule,1
Java (programming language),1
Jerk (physics),1
Jet stream,2
Johannes Kepler,5
John Bardeen,1
John Dalton,5
John von Neumann,5
Jones oxidation,4
Jons Jacob Berzelius,1
Joseph-Louis Lagrange,4
Josephson effect,5
Josiah Willard Gibbs,9
Joule-Thomson effect,3
Julia olefination,2
Jupiter,4
Jurassic,4
Kaposi's sarcoma,1
Kary Mullis,1
Keratin,7
Ketone,12
Kidney,14
Kin selection,2
Kinetic energy,7
Kinetic isotope effect,1
Kirkwood gap,4
Klinefelter syndrome,4
Konrad Lorenz,1
Kuiper belt,7
Lac operon,3
Lactic acid,2
Lactose,1
Lagrangian,7
Lagrangian point,3
Lake,6
Lamb shift,4
Lambda calculus,5
Lambda phage,4
Lanthanide,4
Laplace transform,1
Laplacian matrix,5
Large intestine,2
Larynx,2
Laser,8
Lattice energy,10
Lava,1
Law of mass action,1
Le Chatelier's principle,3
Lead,1
Lennard-Jones potential,2
Lens (anatomy),1
Leo (constellation),2
Leonhard Euler,13
Leprosy,3
Leukemia,3
Lev Landau,5
Lewis acid,2
Lichen,4
Ligand,1
Light-independent reactions#Calvin Cycle,1
Lightning,2
Limestone,2
Linear function,3
Linked list,8
Linus Pauling,5
Liouville's theorem (complex analysis),5
Liquid crystal,8
List of types of equilibrium,1
Lithium,3
Liver,19
Loess,3
Logarithm,3
London dispersion force,2
London equations,2
Lorentz force,1
Lorentz transformation,2
Louis de Broglie,1
Ludwig Boltzmann,2
Luigi Galvani,1
Luminosity,5
Lung,3
Lupus nephritis,3
Lyme disease,2
Lysine,3
Lysosome,10
Lysozyme,2
Lytic cycle,2
Mach number,1
Macular degeneration,2
Madelung constant,2
Magellanic Clouds,2
Magma,2
Magnesium,6
Magnetic field,19
Magnetic flux,4
Magnetic moment,2
Magnetic monopole,11
Magnetic potential#Magnetic vector potential,5
Maillard reaction,2
Maize,1
Malaria,5
Mandelbrot set,2
Manganese,4
Mannich reaction,3
Mantle (geology),13
Mantle plume,6
Marcello Malpighi,4
Marfan syndrome,2
Marie Curie,1
Markovnikov's rule,5
Mars,7
Mass,11
Mass spectrometry,9
Matrix (mathematics),5
Matrix multiplication,4
Max Born,4
Max Planck,2
Maxwell's demon,2
Maxwell's equations,1
Mean,2
Mean free path,2
Mediterranean Sea,2
Medulla oblongata,3
Meiosis,6
Meissner effect,8
Melanin,3
Memory,5
Meninges,1
Mercury (element),2
Mercury (planet),3
Mercury 13,6
Meristem,2
Meselson-Stahl experiment,3
Meson,4
Messenger RNA,1
Metastasis,2
Methane,2
Mica,7
Micelle,5
Michael Faraday,11
Michael J. S. Dewar,2
Michael reaction,8
Michelson-Morley experiment,8
Microtubule,9
Mimicry,1
Mitochondrion,19
Mitosis,2
Mohorovicic discontinuity,3
Molecular orbital,6
Molecular orbital theory,2
Mollusca,12
Moment of inertia,17
Momentum,15
Monsanto process,3
Moon,15
Moraine,4
Mossbauer effect,8
Mossbauer spectroscopy,4
Mukaiyama aldol addition,2
Multiplication,4
Muon,1
Murray Gell-Mann,1
Mutation,3
Myasthenia gravis,2
Myelin,1
Myelin sheath gap,1
Myoglobin,3
Natural rubber,2
Navier-Stokes equations,9
Nebula,2
Necrosis,2
Nematode,6
Neoprene,2
Nephron,3
Neptune,5
Nernst equation,15
Neuron,7
Neutrino,19
Neutrino oscillation,2
Neutron,9
Neutron star,5
Niacin,7
Nickel,10
Nicolaus Copernicus,6
Niels Bohr,5
Niels Henrik Abel,5
Niobium,1
Nitric acid,4
Nitric oxide,3
Nitrile,9
Nitrogen,6
Nitrogen fixation,4
Nitroglycerin,1
Noble gas,6
Nuclear fission,3
Nuclear force,5
Nuclear fusion,7
Nuclear magnetic resonance,5
Nuclear magnetic resonance spectroscopy,2
Nucleolus,4
Nutation,2
Nylon,1
Nyquist-Shannon sampling theorem,2
Obsidian,2
Ohm's law,4
Okazaki fragments,2
Olbers' paradox,1
Olefin metathesis,4
Olivine,6
Olympus Mons,1
Oort cloud,5
Open set,5
Operational amplifier,3
Operon,5
Organ of Corti,2
Orion (constellation),10
Osmium,1
Osmotic pressure,4
Outer core,4
Oxidative phosphorylation,2
Oxygen,8
Oxytocin,3
Ozone,10
P53,6
PH,7
Pain,2
Palladium,5
Pancreas,9
Parabola,2
Paradox,3
Parallax,2
Parallel (geometry),3
Paramagnetism,9
Parthenogenesis,1
Particle in a box,2
Partition function (statistical mechanics),6
Pascal (programming language),1
Paul Dirac,5
Paul Ehrlich,1
Pauli exclusion principle,6
Pendulum,5
Penicillin,2
Pentose phosphate pathway,4
Pepsin,1
Peptidoglycan,4
Perfect number,1
Permafrost,2
Permian,5
Permutation,3
Pernicious anemia,2
Peroxisome,11
Peter Debye,5
Peyote,1
Phagocytosis,5
Phase diagram,2
Phenol,3
Phenolphthalein,3
Phenols,2
Phenylalanine,1
Phenylketonuria,3
Phloem,9
Phlogiston theory,2
Phobos (moon),3
Phonon,7
Phosphate,3
Phosphorescence,1
Phosphorus,11
Photoelectric effect,14
Photon,9
Photosynthesis,1
Pi,8
Pi backbonding,2
Pierre de Fermat,6
Piezoelectricity,12
Pineal gland,5
Pion,7
Pituitary gland,4
Placenta,3
Planck constant,2
Plane (geometry),2
Plasma (physics),8
Plasmid,6
Plasmodium,1
Plate tectonics,2
Platelet,2
Platinum,3
Pleiades,1
Pluto,5
Pockels effect,2
Pointer (computer programming),5
Poisson distribution,6
Polaris,3
Polarization (waves),10
Poliomyelitis,1
Poliovirus,1
Pollen,1
Polymer,10
Polymerase chain reaction,7
Polymerization,4
Polynomial,6
Polyploid,3
Pons,3
Population inversion,3
Positron,2
Potassium,3
Potential energy,3
Power (physics),6
Poynting vector,4
Precession,8
Pressure,6
Prime number,12
Prion,4
Prisoner's dilemma,4
Proline,2
Promoter (genetics),2
Prophase,4
Prostate,1
Protein folding,3
Proton,10
Proxima Centauri,1
Psoriasis,2
Pulmonary alveolus,3
Pulsar,10
Pumice,2
Punctuated equilibrium,5
Pyrrole,2
Pythagoras,2
Pythagorean theorem,5
Python (programming language),3
Quantum Hall effect,7
Quantum entanglement,7
Quantum harmonic oscillator,2
Quantum number,1
Quantum tunnelling,8
Quark,7
Quark-gluon plasma,2
Quartz,9
Quasar,7
Quaternion,2
Queue (abstract data type),2
Quicksort,5
RNA,2
RNA interference,8
RNA polymerase,2
RNA splicing,3
Rabies,3
Radical (chemistry),8
Rain,3
Rainbow,2
Rainer Ludwig Claisen,5
Raman scattering,12
Raman spectroscopy,2
Random walk,4
Raoult's law,8
Rayleigh scattering,2
Recursion,6
Red Queen hypothesis,5
Red blood cell,4
Redlich-Kwong equation of state,3
Redshift,4
Reduction (chemistry),4
Reflection (physics),7
Refraction,3
Refractive index,14
Relative permittivity,2
Rene Descartes,5
Resistor,4
Resonance,7
Restriction enzyme,2
Retina,8
Reverse transcriptase,2
Reynolds number,8
Rhizobia,2
Rhodopsin,2
Ribosome,11
Ribozyme,7
Richard Dawkins,4
Richard Feynman,4
Rickettsia,1
Riemann zeta function,10
Ring (mathematics),8
River,5
Robert Boyle,2
Robert Bunsen,3
Robert Burns Woodward,2
Robert Hooke,2
Robert Koch,1
Robinson annulation,4
Roche limit,2
Roger Bacon,5
Rosalind Franklin,1
RuBisCO,7
Rudolf Clausius,1
Rydberg constant,2
Salmonella,1
Salt,4
Sandmeyer reaction,3
Saponification,2
Saturation (chemistry),2
Satyendra Nath Bose,1
Scapula,1
Scattering,6
Seafloor spreading,8
Secant function,1
Second law of thermodynamics,6
Selenium,2
Semiconductor,5
Serotonin,8
Seyfert galaxy,4
Shark,2
Sickle-cell disease,2
Sigma,1
Sigmatropic reaction,2
Silicon,3
Silurian,7
Silver,3
Simple harmonic motion,1
Sinoatrial node,2
Sirius,6
Skylab,1
Sleep,3
Slime mold,1
Small intestine,2
Smallpox,2
Sodium,9
Soil,3
Solar flare,2
Solar wind,4
Solubility,5
Somatostatin,2
Sonic hedgehog,3
Sonoluminescence,2
Sorting algorithm,3
Special relativity,7
Speciation,6
Speed of light,4
Speed of sound,4
Spermatogenesis,2
Sphere,4
Spin (physics),10
Spinal cord,1
Spinneret (spider),2
Spiral galaxy,3
Spleen,12
Sponge,5
Spontaneous symmetry breaking,3
Squaring the circle,1
Stack (abstract data type),3
Stamen,3
Standard deviation,2
Star,1
Stark effect,6
Steel,4
Stem cell,3
Stephen Hawking,1
Stern-Gerlach experiment,10
Steroid,1
Stomach,7
Strange quark,1
Strangeness,2
Stratosphere,7
Stress (mechanics),3
Stress-energy tensor,2
String (computer science),3
String (physics),2
String theory,1
Sublimation (phase transition),4
Subrahmanyan Chandrasekhar,1
Sulfur,6
Sulfuric acid,15
Sun,11
Sunspot,6
Superconductivity,12
Supercritical fluid,2
Superfluid helium-4,4
Superfluidity,4
Supernova,10
Supersymmetry,5
Surface tension,18
Surfactant,8
Svante Arrhenius,5
Synchrotron radiation,6
Syphilis,3
Systemic lupus erythematosus,3
T cell,5
Tachyon,3
Taiga,3
Talc,2
Tax,7
Tay-Sachs disease,7
Tebbe's reagent,3
Technetium,2
Telomerase,2
Telomere,10
Temperature,8
Testosterone,1
Tetanus,1
The House of the Seven Gables,4
Theodor Schwann,1
Theory of relativity,1
Thermoelectric effect#Seebeck effect,7
Thiamine,2
Thiol,8
Third law of thermodynamics,4
Thomas Graham (chemist),3
Thomas Young (scientist),3
Thomson scattering,3
Thymus,4
Thyroid,6
Tibia,1
Time,4
Time dilation,3
Tin,1
Titan (moon),10
Titanium,9
Titration,12
Tobacco mosaic virus,2
Tokamak,2
Tollens' reagent,2
Top quark,3
Topoisomerase,2
Tornado,3
Torque,16
Torus,6
Total internal reflection,3
Transcendental number,2
Transcription (genetics),8
Transfer RNA,5
Transformer,1
Transistor,2
Transition state,2
Transposable element,6
Travelling salesman problem,7
Tree (data structure),9
Tree (graph theory),9
Triangle,8
Triangle inequality,1
Triassic,1
Trilobite,3
Triple-alpha process,2
Tritium,1
Triton (moon),11
Tropical cyclone,3
Tryptophan,6
Tsunami,4
Tuberculosis,6
Turbulence,5
Turing machine,7
Types of volcanic eruptions,4
Ubiquitin,2
Uncertainty principle,9
Uracil,6
Uranium,7
Urea,5
Urea cycle,5
Uterus,3
Vacuole,3
Vacuum,2
Vagus nerve,4
Van Allen radiation belt,7
Van de Graaff generator,1
Van der Waals equation,2
Van der Waals force,2
Vapor pressure,9
Variance,1
Vascular cambium,2
Vasopressin,9
Vector (mathematics and physics),5
Velocity,7
Venus,14
Vermiform appendix,3
Virial theorem,1
Virtual Army Experience,2
Virus,4
Viscosity,16
Vitamin A,3
Vitamin B12,3
Vitamin C,2
Vitamin D,1
Vitamin K,2
Volcano,5
Volume,2
Vorticity,6
Voting,4
Vulcanization,2
Walther Nernst,1
Water,10
Wave,5
Weak interaction,10
Wheatstone bridge,1
White dwarf,4
Wien's displacement law,2
Wilhelm Ostwald,5
William Rowan Hamilton,2
William Thomson, 1st Baron Kelvin,5
Williamson ether synthesis,3
Wilson's disease,2
Wind,1
Winds,1
Wittig reaction,18
Wnt signaling pathway,2
Wolff-Kishner reduction,7
Wolfgang Pauli,2
Work (physics),3
Work function,1
Wormhole,1
X chromosome,9
X-ray,5
X-ray crystallography,4
Xenon,2
Xylem,14
Y chromosome,4
Yeast,1
Yellow,5
Yellow fever,1
Yellowstone National Park,2
Ylide,5
Young's modulus,1
Zebrafish,4
Zeeman effect,15
Zeta potential,2
Ziegler-Natta catalyst,6
Zinc,10
Zinc finger,2
